<interface xmlns:xsi="http://www.w3.org/2001/XMLSchema-instance"
	xmlns="http://learnityframework.org/"
	xsi:schemaLocation="http://learnityframework.org/ http://localhost:8080/learnitymsme/xsd/Interface.xsd"
	id="PortalUnit" title="Unit Grid on LMS Portal" type="InterfaceFragment">

	<structure>
  		<part id="BodyDiv" class="label"></part>
		<part id="UnitGrid" class="DBgrid" caption="My Units" datatype="local" altRows="true" autowidth="true" 
		      shrinkToFit="true" >
			
			<column head="Unit Id"  name="unit_id"  index="1"  editable="true" hidden="true" key="true" >
			</column>
			<column head="Unit Name"  name="unit_name"  index="2"   editable="true" hidden="false" key="false" >
			</column>
			<column head="Bookmark"  name="bookmark"  index="3"  editable="true" hidden="false" key="false" >
			</column>
			<column head="Last Accessed"  name="last_accessed"  index="4"   editable="false" hidden="false" key="false" required="false">
			</column>
			<column head="Access Allowed Till"  name="access_allowed_till"  index="5"   editable="false" hidden="false" key="false" required="false">
			</column>
			
		</part>
	</structure>
	
	<layout id="portalunitstudentlayout">
 		<part id="BodyDiv"></part>
		<part id="UnitGrid" parent_id="BodyDiv"></part>
	</layout>


</interface>	

