<interface xmlns:xsi="http://www.w3.org/2001/XMLSchema-instance"
	xmlns="http://learnityframework.org/"
	xsi:schemaLocation="http://learnityframework.org/ http://localhost:8080/learnitymsme/xsd/Interface.xsd"
	id="NoticeBoardView" title="Notice Viewer on LMS Portal" type="Interface">
	
	<structure>
		<part id="mainpage" class="label"></part>
		<part id="mainpage1" class="label"></part>
		<part id="mainpagelogo" class="label"></part>	
		<part id="logoutimage" class="label"></part>
		<part id="heading" class="label"></part>
		<part id="heading2" class="label"></part>
		<part id="heading3" class="label"></part>
		<part id="mainpage2" class="label"></part>	
		<part id="mainnoticehearind" class="label"></part>
		<part id="noticeheading" class="label"></part>
		<part id="noticeheadingdata" class="label" size="40"></part>
		<part id="PostedbyHeadindDiv" class="label"></part>
		<part id="Postedbyheading" class="label"></part>
		<part id="Postedbyheadingdata" class="label" ></part>
		<part id="PostedOnHeadindDiv" class="label"></part>
		<part id="PostedOnheading" class="label"></part>
		<part id="PostedOnheadingdata" class="label" ></part>
		<part id="attachmentdiv" class="label"></part>
		<part id="attachments" class="label"></part>
		<part id="attachfiles" class="label" ></part>
		<part id="attachfileslink" class="label" ></part>
		<part id="mainnoticebody" class="label"></part>
		<part id="noticebody" class="label"></part>
		<part id="noticebodydata" class="textarea"  rows="17" cols="52"></part>
		<part id="DONEbutton" class="button" ></part>
		<part id="noticeajaxcomp" class="ajaxcomponent"></part>
	</structure>

	<layout id="gennotice">
		
			<part id="mainpage" height="500px" width="600px" left="0px" top="0px" position="absolute"></part>
			<part id="mainpage1" width="100%" position="absolute" parent_id="mainpage"></part>
			<part id="mainpagelogo" width="160px" position="absolute" parent_id="mainpage"></part>
			<part id="logoutimage" height="25px" width="20px" left="10px" top="10px" position="absolute" parent_id="mainpagelogo"></part>
			<part id="heading" height="25px" width="120px" left="30px" top="10px" position="absolute" parent_id="mainpagelogo"></part>
			<part id="heading2" height="25px" width="20px" left="140" top="10px" position="absolute" parent_id="mainpagelogo"></part>
			<part id="heading3" height="4px" width="400px" left="140px" top="31px" position="absolute" parent_id="mainpagelogo"></part>
			<part id="mainpage2" width="420px" position="absolute" parent_id="mainpage"></part>
			<part id="mainnoticehearind" height="20px" width="420px" top="45px" position="absolute" parent_id="mainpage2"></part>
			<part id="noticeheading" height="15px" width="65px" left="10px" top="0px" position="absolute" parent_id="mainnoticehearind"></part>
			<part id="noticeheadingdata" height="15px" left="95px" top="0px" position="absolute" parent_id="mainnoticehearind"></part>
			<part id="PostedbyHeadindDiv" height="20px" width="420px" left="0px" top="70px" position="absolute" parent_id="mainpage"></part>
			<part id="Postedbyheading" height="15px" width="65px" left="10px" top="0px" position="absolute" parent_id="PostedbyHeadindDiv"></part>
			<part id="Postedbyheadingdata" height="15px" left="95px" top="0px" position="absolute" parent_id="PostedbyHeadindDiv"></part>
			<part id="PostedOnHeadindDiv" height="20px" width="420px" left="0px" top="95px" position="absolute" parent_id="mainpage"></part>
			<part id="PostedOnheading" height="15px" width="65px" left="10px" top="0px" position="absolute" parent_id="PostedOnHeadindDiv"></part>
			<part id="PostedOnheadingdata" height="15px" left="95px" top="0px" position="absolute" parent_id="PostedOnHeadindDiv"></part>
			<part id="attachmentdiv" height="20px" width="420px" top="120px" position="absolute" parent_id="mainpage2"></part>
			<part id="attachments" height="15px" width="70px" left="10px" top="0px" position="absolute" parent_id="attachmentdiv"></part>
			<part id="attachfiles" height="15px" left="95px" top="0px" position="absolute" parent_id="attachmentdiv"></part>
			<part id="attachfileslink" height="15px" width="150px" left="105px" top="0px" position="absolute" parent_id="attachmentdiv"></part>
			<part id="mainnoticebody" height="270px" width="500px" top="155px" position="absolute" parent_id="mainpage2"></part>
			<part id="noticebody" height="15px" width="65px" left="10px" top="0px" position="absolute" parent_id="mainnoticebody"></part>
			<part id="noticebodydata" left="100px" top="0px" position="absolute" parent_id="mainnoticebody"></part>
			<part id="DONEbutton" height="25px" width="40px" left="290px" top="470px" position="absolute" parent_id="mainpage2"></part>
			<part id="noticeajaxcomp" parent_id="mainpage"></part>
		
	</layout>

	<content id="gennoticecont">
		<part id="heading" value="Notice Board" valuetype="inline"></part>
		<part id="noticeheading" value="Heading :" valuetype="inline"></part>
		<part id="Postedbyheading" value="Posted By :" valuetype="inline"></part>
		<part id="PostedOnheading" value="Posted On :" valuetype="inline"></part>
		<part id="attachments" value="Attachment :" valuetype="inline"></part>
		<part id="noticebody" value="Notice Body" valuetype="inline"></part>
		<part id="DONEbutton" value="DONE" valuetype="inline"></part>
	</content>

	<style id="gennoticestyle">
		<part id="mainpage" value="[CDATA[background-color: #99CCCC;]]" valuetype="inline"></part>
		<part id="mainpage1" value="[CDATA[cellspacing: 0; width:100% border:0 cellpadding=0]]" valuetype="inline"></part>
		<part id="mainpagelogo" value="[CDATA[cellspacing: 0; width:100% border:0 cellpadding=0]]" valuetype="inline"></part>
		<part id="logoutimage" value="[CDATA[background:#006699 url(../images/SmallLogo.gif) no-repeat;]]" valuetype="inline"></part>
		<part id="heading" value="[CDATA[background-color: #006699;color:#FFCC33;font-family:Verdan;cellpadding=2;font-size:16px;text-align:center;font-weight:bold]]" valuetype="inline"></part>
		<part id="heading2" value="[CDATA[background:#006699 url(../images/tr20x20.gif) no-repeat;]]" valuetype="inline"></part>
		<part id="heading3" value="[CDATA[background-color: #006699;]]" valuetype="inline"></part>
		<part id="helplink" value="[CDATA[text-align:center;color:#ffffff;font-weight:normal;font-family:verdana,arial;font-size:8pt;font-weight:bold;cursor: pointer;]]" valuetype="inline"></part>
		<part id="mainpage2" value="[CDATA[cellspacing: 0; width:100% border:0 cellpadding=0]]" valuetype="inline"></part>
		<part id="mainnoticehearind" value="[CDATA[cellspacing: 0; width:100% border:0 cellpadding=0]]" valuetype="inline"></part>
		<part id="noticeheading" value="[CDATA[text-align:left;cellspacing: 0; font-weight:bold;color:#171FA1;font-size:11px;]]" valuetype="inline"></part>
		<part id="mainnoticehearind.2" value="[CDATA[cellspacing: 0; font-weight:bold;color:#171FA1;font-size:11px;]]" valuetype="inline"></part>
		<part id="mainnoticehearind" value="[CDATA[cellspacing: 0; width:100% border:0 cellpadding=0]]" valuetype="inline"></part>
		<part id="noticeheading" value="[CDATA[text-align:left;cellspacing: 0; font-weight:bold;color:#171FA1;font-size:11px;]]" valuetype="inline"></part>
		<part id="mainnoticehearind.2" value="[CDATA[cellspacing: 0; font-weight:bold;color:#171FA1;font-size:11px;]]" valuetype="inline"></part>
		<part id="PostedbyHeadindDiv" value="[CDATA[cellspacing: 0; width:100% border:0 cellpadding=0]]" valuetype="inline"></part>
		<part id="Postedbyheading" value="[CDATA[text-align:left;cellspacing: 0; font-weight:bold;color:#171FA1;font-size:11px;]]" valuetype="inline"></part>
		<part id="PostedOnHeadindDiv" value="[CDATA[cellspacing: 0; width:100% border:0 cellpadding=0]]" valuetype="inline"></part>
		<part id="PostedOnheading" value="[CDATA[text-align:left;cellspacing: 0; font-weight:bold;color:#171FA1;font-size:11px;]]" valuetype="inline"></part>
		<part id="attachmentdiv" value="[CDATA[cellspacing: 0; width:100% border:0 cellpadding=0]]" valuetype="inline"></part>
		<part id="attachments" value="[CDATA[text-align:left;cellspacing: 0; font-weight:bold;color:#171FA1;font-size:11px;]]" valuetype="inline"></part>
		<part id="attachfiles" value="[CDATA[color:#ffffff;cursor: pointer;font-weight:bold;font-size:11px;]]" valuetype="inline"></part>
		<part id="mainnoticebody" value="[CDATA[cellspacing: 0; width:100% border:0 cellpadding=0]]" valuetype="inline"></part>
		<part id="noticebody" value="[CDATA[text-align:left;cellspacing: 0; font-weight:bold;color:#171FA1;font-size:11px;]]" valuetype="inline"></part>
		<part id="DONEbutton" value="[CDATA[cursor: pointer;background-color:#D6E7EF;border-color:#8E9EAC;border-style:solid;border-width:1px;font-family:tahoma,sans-serif;font-size:11px;]]" valuetype="inline"></part>
	</style>

	<behaviour id="gennoticebeh">
		<part id="root">
			<event name="onload" type="simple" function="onload_click" valuetype="jsevent" resourceid="noticepageviewjs"></event>
		</part>
		<part id="DONEbutton">
			<event name="onclick" type="simple" function="done_onclick" valuetype="jsevent" resourceid="noticepageviewjs"></event>
		</part>
		<part id="noticeajaxcomp">
			<event name="ajax" javaclass="NoticePOJO"></event>
        	</part>
	</behaviour>

	<resource>
		
		<resourceitem id="noticepageviewjs" href="noticepageview.js" valuetype="js"></resourceitem>
		
	</resource>
</interface>
