<interface xmlns:xsi="http://www.w3.org/2001/XMLSchema-instance"
	xmlns="http://learnityframework.org/"
	xsi:schemaLocation="http://learnityframework.org/ http://localhost:8080/learnitymsme/xsd/Interface.xsd"
	id="ChangePassword" title="Change LMS Admin Password" type="Interface">

	<configuration TemplateID = "GridTree"></configuration>
	
	<structure>
	<part id="mainpage" class="label"></part>
	<part id="mainDiv" class="label"></part>
	<part id="mess" class="label"></part>
	
	
	<part id="UserId" class="label"></part>
	<part id="UserIddata" class="inputtext" size="20"></part>
	
	<part id="OldPassword" class="label"></part>
	<part id="OldPassworddata" class="password" tabindex="1" size="20"></part>
	
	<part id="NewPassword" class="label"></part>
	<part id="NewPassworddata" class="password" tabindex="2" size="20"></part>
	
	<part id="RetypePassword" class="label"></part>
	<part id="RetypePassworddata" class="password" tabindex="3" size="20"></part>
	
	<part id="subbutton" class="button" ></part>
	
	<part id="Passajaxcomp" class="ajaxcomponent"></part>
	
	
	</structure>
	<layout id="ChangePasswordLay">
		
			<part id="mainpage" height="100%" width="100%" left="0px" top="0px" position="absolute" ></part>
			<part id="mainDiv" height="225px" width="395px" left="25%" top="90px" position="absolute" parent_id="mainpage"></part>

			<part id="mess" height="50px" width="475px" left="20%" top="1px" position="absolute" parent_id="mainpage"></part>

			<part id="UserId" height="20px" left="10px" top="22px" position="absolute" parent_id="mainDiv"></part>
			<part id="UserIddata" height="20px" left="170px" top="25px" position="absolute" parent_id="mainDiv"></part>
						
			<part id="OldPassword" height="20px" width="150px" left="10px" top="70px" position="absolute" parent_id="mainDiv"></part>
			<part id="OldPassworddata" height="20px" left="170px" top="70px" position="absolute" parent_id="mainDiv"></part>
			
			
			<part id="NewPassword" height="20px" width="150px" left="10px" top="115px" position="absolute" parent_id="mainDiv"></part>
			<part id="NewPassworddata" height="20px" left="170px" top="115px" position="absolute" parent_id="mainDiv"></part>
			
			<part id="RetypePassword" height="20px" left="10px" top="155px" position="absolute" parent_id="mainDiv"></part>
			<part id="RetypePassworddata" height="20px" left="170px" top="155px" position="absolute" parent_id="mainDiv"></part>
			
			<part id="subbutton" height="20px" width="40px" left="300px" top="195px" position="absolute" parent_id="mainDiv"></part>
			
			<part id="Passajaxcomp" parent_id="mainpage"></part>
			
		
		
	</layout>
	<content id="ChangePasswordCont">

		<part id="mess" value="Change Password" valuetype="inline"></part>
		<part id="UserId" value="User Id : " valuetype="inline"></part>
		<part id="OldPassword" value="Old Password : " valuetype="inline"></part>
		<part id="NewPassword" value="New Password : " valuetype="inline"></part>
		<part id="RetypePassword" value="Retype Password : " valuetype="inline"></part>
		<part id="subbutton" value="SAVE" valuetype="inline"></part>
		
	</content>
	
	<style id="ChangePasswordstyle">
		<part id="mainpage" value="[CDATA[background-color: #E4EBF2;]]" valuetype="inline"></part>
		<part id="mainDiv" value="[CDATA[background-color: #868890;border:5px ridge white;color:white;]]" valuetype="inline"></part>
		<part id="mess" value="[CDATA[font-family:Verdan;cellpadding=2;font-size:14px;font-weight:bold;color:gray;font-size:25px;text-align:center;text-decoration:underline;]]" valuetype="inline"></part>
		<part id="UserId" value="[CDATA[font-family:Verdan;cellpadding=2;font-size:14px;font-weight:bold]]" valuetype="inline"></part>
		<part id="OldPassword" value="[CDATA[font-family:Verdan;cellpadding=2;font-size:14px;font-weight:bold]]" valuetype="inline"></part>
		<part id="NewPassword" value="[CDATA[font-family:Verdan;cellpadding=2;font-size:14px;font-weight:bold]]" valuetype="inline"></part>
		<part id="RetypePassword" value="[CDATA[font-family:Verdan;cellpadding=2;font-size:14px;font-weight:bold]]" valuetype="inline"></part>
	</style>
	
	<behaviour id="ChangePasswordBeha">
		
		<part id="root">
			<event name="onload" type="simple" function="onload_click" valuetype="jsevent" resourceid="ChangePasswordjs"></event>
		</part>
		
		<part id="subbutton">
			<event name="onclick" type="simple" function="change_password" valuetype="jsevent" resourceid="ChangePasswordjs"></event>
		</part>
		<part id="NewPassworddata">
			<event name="onblur" type="simple" function="charactercheck" valuetype="inline"></event>
		</part>
		
		<part id="Passajaxcomp">
			<event name="ajax" type="simple" function="dummy" javaclass="Portal"></event>
        	</part>
		
		
	</behaviour>

	<resource>
		
		<resourceitem id="ChangePasswordjs" href="ChangePassword.js" valuetype="js"></resourceitem>
		
	</resource>
	
</interface>
