<interface xmlns:xsi="http://www.w3.org/2001/XMLSchema-instance"
	xmlns="http://learnityframework.org/"
	xsi:schemaLocation="http://learnityframework.org/ http://localhost:8080/learnitymsme/xsd/Interface.xsd"
	id="ForumAttachment" title="LMS Forum Attachment" type="Interface">
	
<structure>
	<part id="forumattachmentmainscreen" class="label"></part>
	<part id="attachfileimage" class="image"></part>
	<part id="lineimage" class="image"></part>
	<part id="step1" class="label"></part>
	<part id="step2" class="label"></part>
	<part id="fileupload" class="inputfile"></part>
	<part id="forfileupload" class="label"></part>
	<part id="attachfilebutton" class="button"></part>
	<part id="donebutton" class="button"></part>
	<part id="cancelbutton" class="button"></part>
	<part id="step3" class="inputtext"></part>
	<part id="forumattachmentajax" class="ajaxcomponent"></part>
</structure>

<layout id="forumattachmentPrime">
	<part id="forumattachmentmainscreen" height="100%" width="100%" left="1px" top="3px" position="absolute"></part>
	<part id="attachfileimage" left="5px" top="33px" position="absolute" parent_id="forumattachmentmainscreen"></part>
	<part id="lineimage" width="380px" left="5px" top="65px" position="absolute" parent_id="forumattachmentmainscreen"></part>
	<part id="step1" height="25px" width="100%" left="5px" top="77px" position="absolute" parent_id="forumattachmentmainscreen"></part>
	<part id="step2" height="25px" width="100%" left="5px" top="187px" position="absolute" parent_id="forumattachmentmainscreen"></part>
	<part id="fileupload" left="5px" top="200px" parent_id="forfileupload"></part>
	<part id="forfileupload" left="5px" top="52px" position="absolute" parent_id="step1"></part>
	<part id="attachfilebutton" left="350px" top="52px" position="absolute" parent_id="step2"></part>
	<part id="donebutton" left="330px" top="110px" position="absolute" parent_id="step2"></part>
	<part id="cancelbutton" left="400px" top="110px" position="absolute" parent_id="step2"></part>
	<part id="step3" left="5px" top="110px" position="absolute" parent_id="step2"></part>
	<part id="forumattachmentajax" parent_id="forumattachmentmainscreen"></part>
</layout>

<content id="forumattachmentPrimeContent">
	<part id="attachfileimage" value="attachfile" valuetype="reference"></part>
	<part id="lineimage" value="lineforpopup" valuetype="reference"></part>
	<part id="step1" value="Step 1: Click Browse button and Select a file" valuetype="inline"></part>
	<part id="step2" value="Step 2: Click Attach File" valuetype="inline"></part>
	<part id="attachfilebutton" value="Attach Files" valuetype="inline"></part>
	<part id="donebutton" value="Done" valuetype="inline"></part>
	<part id="cancelbutton" value="Cancel" valuetype="inline"></part>
</content>

<style id="forumattachmentPrimeStyle">
	<part id="forumattachmentmainscreen" value="[CDATA[background-color: #D6D6C0;]]" valuetype="inline"></part>
	<part id="root" value="[CDATA[background-color: #D6D6C0;]]" valuetype="inline"></part>
	<part id="step1" value="[CDATA[background-color: #FFFFFF;font-family:tahoma,sans-serif;font-size:16px;font-weight:bold;margin-left:-2px;]]" valuetype="inline"></part>
	<part id="step2" value="[CDATA[background-color: #FFFFFF;font-family:tahoma,sans-serif;font-size:16px;font-weight:bold;margin-left:-2px;]]" valuetype="inline"></part>
</style>

<behaviour id="forumattachmentPrimeBehaviour">
	<part id="attachfilebutton">
		<event name="onclick" type="simple" function="attach_onclick" valuetype="jsevent" resourceid="forumattachmentjs"></event>
	</part>
	<part id="donebutton">
		<event name="onclick" type="simple" function="done_onclick" valuetype="jsevent" resourceid="forumattachmentjs"></event>
	</part>
	<part id="cancelbutton">
		<event name="onclick" type="simple" function="history.go(-1)" valuetype="jsevent" resourceid="forumattachmentjs"></event>
	</part>
	<part id="root">
		<event name="onload" type="simple" function="onload_click" valuetype="jsevent" resourceid="forumattachmentjs"></event>
	</part>
	<part id="forumattachmentajax">
		<event name="ajax" javaclass="ForumUtil"></event>
	</part>
</behaviour>

<resource>
	<resourceitem id="forumattachmentjs" href="forumattachment.js" valuetype="js"></resourceitem>
	<resourceitem id="attachfile" href="attachfile.gif" valuetype="image"></resourceitem>
	<resourceitem id="lineforpopup" href="lineforpopup.gif" valuetype="image"></resourceitem>
	
</resource>
</interface>