<interface xmlns:xsi="http://www.w3.org/2001/XMLSchema-instance"
	xmlns="http://learnityframework.org/"
	xsi:schemaLocation="http://learnityframework.org/ http://localhost:8080/learnitymsme/xsd/Interface.xsd"
	id="Forum" title="LMS Forum" type="Interface">
	
<structure>
	<part id="forummainscreen" class="label"></part>
	<part id="forumheader" class="label"></part>
	<part id="forumheader2" class="label"></part>
	<part id="headerbutton" class="button"></part>
	<part id="tblThreadDiv" class="label"></part>
	<part id="tblThread" class="table"></part>
	<part id="tblThreadRow" class="tablerow"></part>
	<part id="tblThreadRowCol1" class="tablecell"></part>
	<part id="tblThreadRowCol2" class="tablecell"></part>
	<part id="tblThreadRowCol3" class="tablecell"></part>
	<part id="tblThreadRowCol4" class="tablecell"></part>
	<part id="tblThreadRowCol5" class="tablecell"></part>
	<part id="tblThreadDiv1" class="label"></part>
	<part id="tblThreadDiv2" class="label"></part>
	<part id="tblThreadDiv3" class="label"></part>
	<part id="tblThreadDiv4" class="label"></part>
	<part id="tblThreadDiv5" class="label"></part>
	<part id="textbox1" class="label" ></part>
	<part id="middleportion" class="label" ></part>
	<part id="middlebutton" class="button" ></part>
	<part id="middleheading" class="label" ></part>
	<part id="middledropdown1" class="combo"></part>
	<part id="lowerportion1" class="label" ></part>
	<part id="lowerportion2" class="label" ></part>
	<part id="treebox" class="tree" treedataremotefunction="ForumUtil.treeConstruct" 
	onselectremotefunction="f12"  autocollapse="true" initialiseonload="false"></part>
	<part id="forumajaxcomp" class="ajaxcomponent"></part>
</structure>


<layout id="forumPrime">
	<part id="forummainscreen" height="100%" width="100%" left="1px" top="1px" position="absolute"></part>
	<part id="forumheader" height="40px" width="180px" left="70px" top="20px" position="absolute" parent_id="forummainscreen"></part>
	<part id="forumheader2" height="40px" width="175px" left="260px" top="20px" position="absolute" parent_id="forummainscreen"></part>
	<part id="headerbutton" left="700px" top="20px" position="absolute" parent_id="forummainscreen"></part>
	<part id="tblThreadDiv" left="70px" top="60px" position="absolute" parent_id="forummainscreen"></part>
	<part id="tblThread" position="absolute" parent_id="tblThreadDiv"></part>
	<part id="tblThreadRow" position="absolute" parent_id="tblThread"></part>
	<part id="tblThreadRowCol1" position="absolute" parent_id="tblThreadRow"></part>
	<part id="tblThreadRowCol2" position="absolute" parent_id="tblThreadRow"></part>
	<part id="tblThreadRowCol3" position="absolute" parent_id="tblThreadRow"></part>
	<part id="tblThreadRowCol4" position="absolute" parent_id="tblThreadRow"></part>
	<part id="tblThreadRowCol5" position="absolute" parent_id="tblThreadRow"></part>
	<part id="tblThreadDiv1" width="300px" left="0px" position="absolute" parent_id="tblThreadRowCol1"></part>
	<part id="tblThreadDiv2" width="130px" left="302px" position="absolute" parent_id="tblThreadRowCol2"></part>
	<part id="tblThreadDiv3" width="80px" left="434px" position="absolute" parent_id="tblThreadRowCol3"></part>
	<part id="tblThreadDiv4" width="80px" left="516px" position="absolute" parent_id="tblThreadRowCol4"></part>
	<part id="tblThreadDiv5" width="155px" left="598px" position="absolute" parent_id="tblThreadRowCol5"></part>
	<part id="textbox1" height="200px" width="772px" left="0px" top="20px" position="absolute" parent_id="tblThreadDiv"></part>
	<part id="middleportion" height="30px" width="772px" left="70px" top="283px" position="absolute" parent_id="forummainscreen"></part>
	<part id="middlebutton" height="25px" width="40px" left="40px" top="5px" position="absolute" parent_id="middleportion"></part>
	<part id="middleheading" height="40px" width="80px" left="285px" top="4px" position="absolute" parent_id="middleportion"></part>
	<part id="middledropdown1" height="40px" width="130px" left="400px" top="3px" position="absolute" parent_id="middleportion"></part>
	<part id="lowerportion1" height="100px" width="772px" left="70px" position="absolute" parent_id="forummainscreen"></part>
	<part id="lowerportion2" height="300px" width="772px" left="70px" top="320px" position="absolute" parent_id="forummainscreen"></part>
	<part id="treebox" parent_id="lowerportion1"></part>
	<part id="forumajaxcomp" parent_id="forummainscreen"></part>
</layout>


<content id="forumPrimeContent">
	<part id="forumheader" value="Discussion Forum : " valuetype="inline"></part>
	<part id="headerbutton" value="Quit" valuetype="inline"></part>
	<part id="tblThreadDiv1" value="Thread" valuetype="inline"></part>
	<part id="tblThreadDiv2" value="Author" valuetype="inline"></part>
	<part id="tblThreadDiv3" value="Messages" valuetype="inline"></part>
	<part id="tblThreadDiv4" value="Views" valuetype="inline"></part>
	<part id="tblThreadDiv5" value="Last Post" valuetype="inline"></part>
	<part id="middledropdown1" value="dummy" valuetype="fixed">
		<combooption name="1" value="Tree View"></combooption>
		<combooption name="2" value="Flat View"></combooption>
	</part>
	<part id="middlebutton" value="Start New Thread" valuetype="inline"></part>
	<part id="middleheading" value="View Type" valuetype="inline"></part>
</content>

								
<style id="forumPrimeStyle">
	<part id="root" value="[CDATA[background-color: #fff0d9;]]" valuetype="inline"></part>
	<part id="forummainscreen" value="[CDATA[background-color: #fff0d9;]]" valuetype="inline"></part>
	<part id="forumheader" value="[CDATA[font-family:tahoma,sans-serif;font-size:16px;font-weight:bold;color:#4D5FFF;]]" valuetype="inline"></part>
	<part id="forumheader2" value="[CDATA[font-family:tahoma,sans-serif;font-size:16px;color:#4D5FFF;]]" valuetype="inline"></part>
	<part id="headerbutton" value="[CDATA[background-color:#FF0000;font-family:tahoma,sans-serif;font-size:15px;font-weight:bold;color:#FFFFFF;-MOZ-BORDER-RADIUS: 10px; border-width:1px; border-style:solid; border-color:black; cursor:pointer;]]" valuetype="inline"></part>
	<part id="tblThreadDiv1" value="[CDATA[background-color:#F8C559;font-family:verdana;font-size:13px;font-weight:bold;margin-left:-2px;text-align:center;]]" valuetype="inline"></part>
	<part id="tblThreadDiv2" value="[CDATA[background-color:#F8C559;font-family:verdana;font-size:13px;font-weight:bold;margin-left:-2px;text-align:center;]]" valuetype="inline"></part>
	<part id="tblThreadDiv3" value="[CDATA[background-color:#F8C559;font-family:verdana;font-size:13px;font-weight:bold;margin-left:-2px;text-align:center;]]" valuetype="inline"></part>
	<part id="tblThreadDiv4" value="[CDATA[background-color:#F8C559;font-family:verdana;font-size:13px;font-weight:bold;margin-left:-2px;text-align:center;]]" valuetype="inline"></part>
	<part id="tblThreadDiv5" value="[CDATA[background-color:#F8C559;font-family:verdana;font-size:13px;font-weight:bold;margin-left:-2px;text-align:center;]]" valuetype="inline"></part>
	<part id="textbox1" value="[CDATA[background-color:#FFFFFF;font-family:verdana;font-size:7px;text-align:center;border-color:black;border-style:solid;border-width:1px;overflow:auto;]]"  valuetype="inline"></part>
	<part id="middleportion"  value="[CDATA[background-color:#E3E7E7;border-color:black;border-style:solid;border-width:1px;]]"  valuetype="inline"></part>
	<part id="middlebutton" value="[CDATA[background-color:#FF0000;font-family:tahoma,sans-serif;font-size:15px;font-weight:bold;color:#FFFFFF;-MOZ-BORDER-RADIUS: 10px; border-width:1px; border-style:solid; border-color:black; cursor:pointer;]]" valuetype="inline"></part>
	<part id="middleheading" value="[CDATA[font-family:tahoma,sans-serif;font-weight:bold;font-size:13px;color:#CC0000;]]" valuetype="inline"></part>
	<part id="lowerportion1" value="[CDATA[background-color:#FFFFFF;border-color:black;border-style:solid;border-width:1px;overflow:auto;visibility:hidden]]"  valuetype="inline"></part>
	<part id="lowerportion2" value="[CDATA[background-color:#E3E7E7;border-color:black;border-style:solid;border-width:1px;overflow:auto;]]"  valuetype="inline"></part>
</style>


<behaviour id="forumPrimeBehaviour">
	<part id="forumheader2">
		<event name="onclick" type="simple" function="forum_onload_click" valuetype="jsevent" resourceid="forumjs"></event>
	</part>	
	<part id="headerbutton">
		<event name="onclick" type="simple" function="quit_onclick" valuetype="jsevent" resourceid="forumjs"></event>
	</part>	
	<part id="middlebutton">
		<event name="onclick" type="simple" function="start_onclick" valuetype="jsevent" resourceid="forumjs"></event>
	</part>
	<part id="middledropdown1">
		<event name="onchange" type="simple" function="select_onchange" valuetype="inline" resourceid="forumjs"></event>
	</part>
	<part id="root">
		<event name="onload" type="simple" function="forum_onload_click" valuetype="jsevent" resourceid="forumjs"></event>
	</part>
	<part id="forumajaxcomp">
		<event name="ajax" javaclass="ForumUtil"></event>
	</part>
</behaviour>


<resource>
	<resourceitem id="forumjs" href="forum.js" valuetype="js"></resourceitem>
</resource>
</interface>

