<interface xmlns:xsi="http://www.w3.org/2001/XMLSchema-instance"
	xmlns="http://learnityframework.org/"
	xsi:schemaLocation="http://learnityframework.org/ http://localhost:8080/learnitymsme/xsd/Interface.xsd"
	id="DynaInfoBy" title="Information about currently logged in LMS Users" type="Interface">

	<structure>
		<part id="BodyDiv" class="label"></part>
		<part id="selectorContent" class="label"></part>
		<part id="DynaInfoByAdminGrid" class="Conditionalgrid" caption="Currently Logged In users of the above role">
			<selector id="role_id" class="combo" contentid="DynaInfoByContent" behaviourid="DynaInfoByBehaviour" domaintype="query" value="select role_id, title from role where role_id!=5 and role_id!=6 and role_id!=7 and role_id!=8"  gridrefresh="true"/>
			<column head="User Id"  name="user_id"  index="1"  width="0" editable="true" hidden="true" key="true">
				<edit type="text" size="30"></edit> 	
			</column>
			<column head="User Name"  name="admin_name"  index="2"  width="250" editable="true" hidden="false" key="false" required="true">
				<edit type="text" size="30"></edit> 	
			</column>
			<column head="Role"  name="role"  index="3"  width="120" editable="true" hidden="false" key="false" required="true">
				<edit type="text" size="30"></edit> 	
			</column>
			<column head="Logged In At"  name="logged_in_at"  index="4"  width="110" editable="false" hidden="false" key="false">
				<edit type="text" size="60"></edit> 	
			</column>
			
			<column head="Connected For(Minutes)"  name="connectedfor"  index="5"  width="280" editable="false" hidden="false" key="false">
				<edit type="text" size="60"></edit> 	
			</column>

			<loadquery value="select b.student_id, concat(a.first_name,\' \', a.middle_name,\' \', a.sname),d.title,date_format(b.logged_in_at,\'%d-%m-%Y\'), 
			                  CONCAT(FLOOR(HOUR(TIMEDIFF(sysdate(), b.logged_in_at)) / 24), \' days, \', MOD(HOUR(TIMEDIFF(sysdate(), b.logged_in_at)), 24), \' hours, \', MINUTE(TIMEDIFF(sysdate(), b.logged_in_at)), \' minutes, \', SECOND(TIMEDIFF(sysdate(), b.logged_in_at)), \' seconds\') AS TimeDiff 
			                  from student_details a, user_login_time b,user_role c,role d 
			                  where a.student_id=b.student_id and b.student_id=c.user_id and c.role_id=d.role_id and d.role_id=%role_id%"></loadquery>
						         
			<delete>
				<queries>
					<query id="1" sql="[CDATA[update student_login_time set logged_out_at=sysdate() where student_id=%user_id% and logged_out_at is null]]" parameter="user_id"></query>
					<query id="2" sql="[CDATA[delete from user_login_time where student_id=%user_id%]]" parameter="user_id"></query>
				</queries>	
			</delete>
			
		</part>
		
	</structure>
	
	<layout id="DynaInfoByLayout">
		<part id="BodyDiv"></part>
		<part id="DynaInfoByAdminGrid" left="5px" top="60px" position="absolute" parent_id="BodyDiv"></part>
		<part id="role_id" left="130px" top="10px" position="absolute" parent_id="BodyDiv"/>
		<part id="selectorContent" width="100px" left="20px" top="15px" position="absolute" parent_id="BodyDiv"></part>
	</layout>

	<content id="DynaInfoByContent">
		<part id="selectorContent" value="Select Role" valuetype="inline"></part>	
	</content>

	<behaviour id="DynaInfoByBehaviour"/>

</interface>
