<interface xmlns:xsi="http://www.w3.org/2001/XMLSchema-instance"
	xmlns="http://learnityframework.org/"
	xsi:schemaLocation="http://learnityframework.org/ http://localhost:8080/learnitymsme/xsd/Interface.xsd"
	id="UnitRegByGroup" title="LMS Unit Registration By Group" type="Interface">
	<structure>
		<part id="BodyDiv" class="label"></part>
		<part id="UnitRegByGroupAjaxComp" class="ajaxcomponent" ></part>
		<part id="UnitNameLabel" class="label"></part>
		<part id="UnitRegByGroupGrid" class="Conditionalgrid" caption="Currently Registered Groups for The Above Unit" gridnavbar="true">
			
			<selector id="course_id" class="combo" contentid="UnitRegByGroupContent" behaviourid="UnitRegByGroupBehaviour" 
			          domaintype="query" 
			          value="select a.unit_id,a.unit_name  
					        from unit_details a, unit_creation_details b 
							where a.unit_id=b.unit_id" 
					  gridrefresh="true"></selector>
			<column head="Group Id"  name="group_id"  index="1"  width="150" editable="true" hidden="true" key="true" required="false">
				<edit type="text" size="30"></edit> 	
			</column>
			
			<column head="Group Name"  name="group_name"  index="2"  width="170" editable="true" hidden="false" key="true" required="true">
				<edit type="select" size="30" editdomaintype="query" value="select group_id, group_name from student_group"></edit> 	
			</column>
			<column head="Registration Date"  name="date_registration"  index="3"  width="170" editable="false" hidden="false" key="false" required="true">
				<edit type="date" size="30"></edit> 	
			</column>
			
			<column head="Registered By"  name="registered_by"  index="4"  width="170" editable="false" hidden="false" key="false">
				<edit type="text" size="30"></edit> 	
			</column>
			
			<column head="Access Allowed Till(Hr)"  name="access_allowed_till"  index="5"  width="170" editable="true" hidden="false" key="false" default_type="string" default_value="No Limit">
				<edit type="date" size="30"></edit> 	
			</column>
			<column head="Total Access Time"  name="total_access_time"  index="6"  width="170" editable="true" hidden="false" key="false" default_type="string" default_value="No Limit">
				<edit type="text" size="30"></edit> 	
			</column>
			
			<loadquery value="select a.group_id, b.group_name, a.date_registration,a.registered_by, 
			                         ifnull(a.access_allowed_till, \'No Limit\'),
									 ifnull(a.total_access_time, \'No Limit\') 
							  from unit_group_association a, student_group b 
							  where a.unit_id=%course_id% and a.group_id=b.group_id"></loadquery>
			
			<delete>
				<queries>
					<query id="1" sql="[CDATA[delete from unit_group_association where unit_id=%course_id% and group_id=%group_id%]]" parameter="course_id,group_id"></query>
				</queries>	
			</delete>
			
			<add>
				<validations>
					<validation type="query">
						<validationquery id="1" sql="[CDATA[select group_id from unit_group_association where group_id=%group_name% and unit_id=%course_id%]]" parameter="group_name,course_id" message="This Group Is Already Associated With The Above Unit."></validationquery>
					</validation>	
				</validations>
				<queries>
					<query id="1" sql="[CDATA[insert into unit_group_association(unit_id,group_id,date_registration,registered_by,access_allowed_till,total_access_time) values (%course_id%,%group_name%,sysdate(),%current_login_user_id%,%access_allowed_till%, %total_access_time%)]]" parameter="course_id,group_name,current_login_user_id,access_allowed_till,total_access_time"></query>
				</queries>
<!--				<action sequence="replace" actionname="deliveryengine.unitGroupRegAction"></action> -->
			</add>	
			
			<modify>
				<queries>
					<query id="1" sql="[CDATA[update unit_group_association set access_allowed_till=%access_allowed_till%, total_access_time=%total_access_time%  where group_id=%group_id% and unit_id=%course_id%]]" parameter="access_allowed_till,total_access_time,group_id,course_id"></query>				
			        </queries>
<!--				<action sequence="replace" actionname="deliveryengine.unitGroupRegAction"></action> -->
			</modify>              
		</part>
	</structure>
	
	<layout id="UnitRegByGroupLayout">
		<part id="BodyDiv"></part>
		<part id="UnitNameLabel" left="0px" top="10px" position="absolute" parent_id="BodyDiv"></part>
		<part id="course_id" left="100px" top="8px" position="absolute" parent_id="BodyDiv"></part>
		<part id="UnitRegByGroupGrid" left="0px" top="50px" position="absolute" parent_id="BodyDiv"></part>
	</layout>
	
	<content id="UnitRegByGroupContent">
		<part id="UnitNameLabel"  valuetype="inline" value="Unit Name:"></part>
	</content>
	
	<behaviour id="UnitRegByGroupBehaviour">
	</behaviour>

	
</interface>
