<interface xmlns:xsi="http://www.w3.org/2001/XMLSchema-instance"
	xmlns="http://learnityframework.org/"
	xsi:schemaLocation="http://learnityframework.org/ http://localhost:8080/learnitymsme/xsd/Interface.xsd"
	id="PortalNotice" title="Notice Grid on LMS Portal" type="InterfaceFragment">

<structure>
	<part id="main" class="label" >	</part>
	<part id="NoticeGrid" class="DBgrid" caption="My Notices" datatype="local">
		
		<column head="Notice Id"  name="notice_id"  index="1"  width="90" editable="true" hidden="true" key="true">
			<edit type="text" size="30"></edit>
		</column>
		<column head="Heading(s)"  name="headings"  index="2"  width="220" editable="true" hidden="false" key="false">
			<edit type="text" size="30"></edit>
		</column>
		<column head="Posted By"  name="posted_by"  index="3"  width="220" editable="true" hidden="false" key="false">
			<edit type="text" size="30"></edit>
		</column>
		<column head="Posted On"  name="posted_on"  index="4"  width="220" editable="false" hidden="false" key="false" required="false">
			<edit type="text" size="3"></edit>
		</column>
	</part>
	<part id="submit" class="button" ></part>
	<part id="portalgridajax" class="ajaxcomponent"></part>
</structure>

<layout id="portalnoticegridlayout">
	<part id="main" height="340px" width="650px" left="0px" top="0px" position="absolute"></part>
	<part id="NoticeGrid" height="296" width="645px" left="1px" top="1px" position="absolute" parent_id="main"></part>
	<part id="portalgridajax" parent_id="main"></part>
</layout>

<!-- <style id="portalnoticegridstayle">
	<part id="portalgrid" value="[CDATA[overflow:auto]]" valuetype="inline"></part>
</style>	
 -->
<behaviour id="portalnoticegridbehaviour">
<!-- 	<part id="root">
		<event name="" type="simple" function="" callback="" javaclass="" target="" valuetype="jsevent" resourceid="portalnoticegrid"></event>
	</part>
 -->	<part id="portalgridajax">
		<event name="ajax" javaclass="NoticePOJO"></event>
	</part>
</behaviour>

<!-- <resource>
	<resourceitem id="portalnoticegrid" href="portalnoticegrid.js" valuetype="js"></resourceitem>
</resource>	
 -->
</interface>