<interface xmlns:xsi="http://www.w3.org/2001/XMLSchema-instance"
	xmlns="http://learnityframework.org/"
	xsi:schemaLocation="http://learnityframework.org/ http://localhost:8080/learnitymsme/xsd/Interface.xsd"
	id="GroupAccessMgmt" title="LMS Group Access Mgmt" type="Interface">

	<configuration checkrole="true" TemplateID="Bootstrap"></configuration>

	<structure>
		<part id="BodyDiv" class="label"></part>
		<part id="GroupNameLabel" class="label"></part>
		<part id="GroupAccessMgmtGrid" class="Conditionalgrid" caption="Total Access Time for members of the above Group" sortname="group_name" sortorder="desc" gridnavbar="true">
			
			<selector id="group_id" class="combo" contentid="GroupAccessMgmtContent" behaviourid="GroupAccessMgmtBehaviour" domaintype="query" value="select a.group_id, a.group_name from student_group a, student_details b where a.group_created_by=b.student_id" gridrefresh="true"></selector>
			
			<column head="Group Id"  name="group"  index="1"  width="10" editable="false" hidden="true" key="true" required="false">
				<edit type="text" size="30"></edit> 	
			</column>
									
			<column head="Group Name"  name="group_name"  index="1"  width="200" editable="false" hidden="false" key="false" required="true">
				<edit type="select" size="30" editdomaintype="query" value="select group_id,group_name from student_group"></edit> 	
			</column> 
			
			<column head="Maximum Hours Access Allowed Per Day"  name="accesstime"  index="2"  width="400" editable="true" hidden="false" key="false" required="true" custom="true" custom_func="numbercheck">
				<edit type="text" size="20"></edit> 	
			</column> 
		
			<loadquery value="select b.group_id,b.group_name,a.accesstime from groupaccessmanagement a, student_group b where a.group_id=%group_id% and a.group_id=b.group_id"></loadquery>
			<delete>
				<queries>
					<query id="1" sql="[CDATA[delete from groupaccessmanagement where group_id=%group_id% ]]" parameter="group_id"></query>
				</queries>					
			</delete>
			
			<add> 
		        	<validations>
					<validation type="query">
						<validationquery id="1" sql="[CDATA[select group_id from groupaccessmanagement where group_id=%group_id%]]" parameter="group_id" message="You cannot enter more than one accesstime for the above group.Try modifying it if needed."></validationquery>
					</validation>	
				</validations>
				<queries>
					<query id="1" sql="[CDATA[insert into groupaccessmanagement values(%group_id%,%accesstime%)]]" parameter="group_id,accesstime"></query>
				</queries>
				
			</add>
			<modify>
				<queries>
					<query id="1" sql="[CDATA[update groupaccessmanagement set accesstime=%accesstime% where group_id=%group_id%]]" parameter="accesstime,group_id"></query>
				</queries>				
			</modify>
		</part>
	</structure>
	
	<layout id="GroupAccessMgmtLayout">
		<part id="BodyDiv"></part>
		<part id="GroupNameLabel" left="0px" top="10px" position="absolute" parent_id="BodyDiv"></part>
		<part id="group_id" left="115px" top="8px" position="absolute" parent_id="BodyDiv"></part>
		<part id="GroupAccessMgmtGrid" left="0px" top="50px" position="absolute" parent_id="BodyDiv"></part>
	</layout>
	
	<content id="GroupAccessMgmtContent">
		<part id="GroupNameLabel"  value="dummy" valuetype="cdata"><![CDATA[Select Group:]]></part>
		
	</content>
	
	<behaviour id="GroupAccessMgmtBehaviour">
		<part id="root">
			<event name="onload" function="dummy" valuetype="inline" resourceid="groupaccessjs"></event>
		</part>
	</behaviour>

	<resource>	
		<resourceitem id="groupaccessjs" href="groupaccess.js" valuetype="js"></resourceitem>
	</resource>

	</interface>
