<interface xmlns:xsi="http://www.w3.org/2001/XMLSchema-instance"
	xmlns="http://learnityframework.org/"
	xsi:schemaLocation="http://learnityframework.org/ http://localhost:8080/learnitymsme/xsd/Interface.xsd"
	id="ManageUnitHomePage" title="Manage LMS Unit Home Page" type="Interface">

	<structure>

		<part id="rowdiv" class="label"></part>
		<part id="column1" class="label"></part>
		<part id="row11" class="label"></part>
		<part id="column111" class="label"></part>
		<part id="unitLabel" class="label"></part>
		<part id="column112" class="label"></part>
		<part id="unitSelectionCombo" class="combo"></part>
		<part id="row12" class="label"></part>
		<part id="column121" class="label"></part>
		<part id="unitHomePageText" class="textarea" rows="15" cols="50"></part>
		<part id="row13" class="label"></part>
		<part id="column131" class="label"></part>
		<part id="submit" class="button"></part>
		<part id="column2" class="label"></part>
		<part id="unitHomePageTextPreview" class="label"></part>
<!--		<part id="message" class="label"></part> -->
		<part id="Passajaxcomp" class="ajaxcomponent"></part>

	</structure>

	<layout id="defaultLayout">

		<part id="rowdiv" ></part>
		<part id="column1" parent_id="rowdiv" ></part>
		<part id="row11" parent_id="column1" ></part>
		<part id="column111" parent_id="row11" ></part>
		<part id="unitLabel" parent_id="column111"></part>
		<part id="column112" parent_id="row11" ></part>
		<part id="unitSelectionCombo" parent_id="column112"></part>
		<part id="row12" parent_id="column1" ></part>
		<part id="column121" parent_id="row12" ></part>
		<part id="unitHomePageText" parent_id="column121"></part>
		<part id="row13" parent_id="column1" ></part>
		<part id="column131" parent_id="row13" ></part>
		<part id="submit"  parent_id="column131"></part>
<!--		<part id="message" parent_id="rowdiv"></part> -->
		<part id="column2" parent_id="rowdiv" ></part>
		<part id="unitHomePageTextPreview" parent_id="column2"></part>
		
<!--	<part id="mainpage" height="100%" width="100%" left="0px" top="0px" 
			position="absolute"></part>
		<part id="unitLabel" height="25px" width="120px" left="15px" top="10px"
			position="absolute" parent_id="mainpage"></part>
		<part id="unitSelectionCombo" height="25px" width="120px" left="140px"
			top="10px" position="absolute" parent_id="mainpage"></part>
		<part id="unitHomePageText" height="225px" width="140px" left="10px"
			top="40px" position="absolute" parent_id="mainpage"></part>
		<part id="submit" height="25px" width="20px" left="200px" top="300px"
			position="absolute" parent_id="mainpage"></part>
		<part id="message" height="25px" width="500px" left="20px" top="350px"
			position="absolute" parent_id="mainpage"></part>
		<part id="unitHomePageTextPreview" height="225px" width="340px" left="440px"
			top="40px" position="absolute" parent_id="mainpage"></part>
-->
		<part id="Passajaxcomp" parent_id="rowdiv"></part>

	</layout>

	<content id="defaultContent">
		<part id="unitLabel" valuetype="inline" value="Select Unit"></part>
		<part id="unitSelectionCombo" valuetype="query"
			value="select a.unit_id,a.unit_name  
			       from unit_details a, unit_creation_details b,home_page_type h 
				   where a.unit_id=b.unit_id and a.unit_id=h.unit_id and UPPER(h.type)=\'CUSTOM\'"></part>
		<part id="submit" value="Save" valuetype="inline"></part>


	</content>

	<style id="defaultStyle">
		
		<part id="rowdiv" value="row" valuetype="reference"></part>
		<part id="column1" value="col-md-6 col-xs-6" valuetype="reference"></part>
		<part id="column1" value="[CDATA[background-color: yellow;]]"
			valuetype="inline"></part>
		<part id="row11" value="row" valuetype="reference"></part>
		<part id="column111" value="col-md-6 col-xs-6" valuetype="reference"></part>
		<part id="column111" value="[CDATA[background-color: blue;]]"
			valuetype="inline"></part>
		<part id="column112" value="col-md-6 col-xs-6" valuetype="reference"></part>
		<part id="column112" value="[CDATA[background-color: green;]]"
			valuetype="inline"></part>
		<part id="row12" value="row" valuetype="reference"></part>
		<part id="column121" value="col-md-12 col-xs-12" valuetype="reference"></part>
		<part id="column121" value="[CDATA[background-color: red;]]"
			valuetype="inline"></part>
		<part id="row13" value="row" valuetype="reference"></part>
		<part id="column131" value="text-center col-md-12 col-xs-12" valuetype="reference"></part>
		<part id="column131" value="[CDATA[background-color: orange;]]"
			valuetype="inline"></part>
		<part id="column2" value="col-md-6 col-xs-6" valuetype="reference"></part>
		<part id="column2" value="[CDATA[background-color: pink;]]"
			valuetype="inline"></part>
		
	</style>

	<behaviour id="defaultBehaviour">

		<part id="unitSelectionCombo">
			<event name="onchange" type="simple" function="unit_onchange"
				valuetype="inline" resourceid="ManageUnitHomePageJS"></event>
		</part>
		
		<part id="unitHomePageText">
			<event name="onkeyup" type="simple" function="homepagePreview"
				valuetype="inline" resourceid="ManageUnitHomePageJS"></event>
		</part>

		<part id="submit">
			<event name="onclick" type="simple" function="save_homepage_onclick"
				valuetype="inline" resourceid="ManageUnitHomePageJS"></event>
		</part>

		<part id="Passajaxcomp">
			<event name="ajax" valuetype="inline" function="dummy" javaclass="ladminTree"></event>
		</part>

		</behaviour>
	<resource>

		<resourceitem id="ManageUnitHomePageJS" href="ManageUnitHomePage.js"
			valuetype="js"></resourceitem>

	</resource>

</interface>
