<interface xmlns:xsi="http://www.w3.org/2001/XMLSchema-instance"
	xmlns="http://learnityframework.org/"
	xsi:schemaLocation="http://learnityframework.org/ http://localhost:8080/learnitymsme/xsd/Interface.xsd"
	id="userReport" title="Report about LMS user accounts" type="Interface">

	<structure>
		<part id="mainpage" class="label"></part>
		<part id="userReportRoleLabel" class="label"></part>
		<part id="userReportRoleCombo" class="combo"></part>
		<part id="submit" class="button" ></part>
		<part id="showreport" class="iframe"></part>
		<part id="Passajaxcomp" class="ajaxcomponent"></part>
	</structure>

	<layout id="userReportLay">
			<part id="mainpage" height="100%" width="100%" left="0px" top="0px" position="absolute" ></part>
			<part id="userReportRoleLabel" height="25px" width="120px" left="15px" top="10px" position="absolute" parent_id="mainpage"></part>
			<part id="userReportRoleCombo" height="25px" width="180px" left="140px" top="10px" position="absolute" parent_id="mainpage"></part>
			<part id="submit" height="25px" width="20px" left="350px" top="10px" position="absolute" parent_id="mainpage"></part>
			<part id="showreport" height="420px" width="720px" left="6px" top="70px" position="absolute" parent_id="mainpage"></part>
			<part id="Passajaxcomp" parent_id="mainpage"></part>
	</layout>

	<content id="userReportCont">
		<part id="userReportRoleLabel"  value="Select Role:" valuetype="inline"></part>
		<part id="userReportRoleCombo" valuetype="query" value="select role_id,title from role where role_id!=5 and role_id!=6 and role_id!=7 and role_id!=8"></part>
		<part id="submit" value="RUN" valuetype="inline"></part>
	</content>
	
	<behaviour id="userReportBeha">				

		<part id="Passajaxcomp">
			<event name="ajax" javaclass="ladminTree"></event>
        </part>
		<part id="submit">
			<event name="onclick" type="simple" function="show_report_onclick" valuetype="jsevent" resourceid="userReportjs"></event>
		</part>
		
	</behaviour>

	<resource>
		
		<resourceitem id="userReportjs" href="userReport.js" valuetype="js"></resourceitem>
		
	</resource>

</interface>
