<interface xmlns:xsi="http://www.w3.org/2001/XMLSchema-instance"
	xmlns="http://learnityframework.org/"
	xsi:schemaLocation="http://learnityframework.org/ http://localhost:8080/learnitymsme/xsd/Interface.xsd"
	id="ChangeProfile" title="LMS Change Admin Profile" type="Interface">

	<configuration checkrole="true" TemplateID="GridTree"></configuration>

	<structure>
		<part id="mainpage" class="label"></part>
		<part id="ProfileMainDiv" class="label"></part>
		<part id="UserId" class="label"></part>
		<part id="UserIddata" class="inputtext" size="20"></part>
		<part id="FName" class="label"></part>
		<part id="FNamedata" class="inputtext" size="20" tabindex="1"></part>
		<part id="MName" class="label"></part>
		<part id="MNamedata" class="inputtext" size="20" tabindex="2"></part>
		<part id="LName" class="label"></part>
		<part id="LNamedata" class="inputtext" size="20" tabindex="3"></part>
		<part id="Age" class="label"></part>
		<part id="Agedata" class="inputtext" size="20" tabindex="4"></part>
		<part id="Experience" class="label"></part>
		<part id="Experiencedata" class="textarea" rows="3" cols="23" tabindex="5"></part>
		<part id="EduQuili" class="label"></part>
		<part id="EduQuilidata" class="inputtext" size="20" tabindex="6"></part>
		<part id="Email" class="label"></part>
		<part id="Emaildata" class="inputtext" size="20" tabindex="8"></part>
		<part id="Gender" class="label"></part>
		<part id="Genderdate" class="combo" tabindex="7"></part>
		<part id="QuestionPreferred" class="label"></part>
		<part id="QuestionPreferreddate" class="combo" tabindex="9"></part>
		<part id="MediaPreferred" class="label"></part>
		<part id="MediaPreferreddata" class="combo" tabindex="10"></part>
		<part id="AccountStatus" class="label"></part>
		<part id="AccountStatusdata" class="combo" tabindex="11"></part>
		<part id="PermitSelfRegistration" class="label"></part>
		<part id="PermitSelfRegistrationdata" class="combo" tabindex="12"></part>
		<part id="userimagelabel" class="image"></part>
		<part id="userimageselectlabel" class="label"></part>
		<part id="userimage" class="inputfile" size="10"></part>
		<part id="ImageUploadButton" class="button"></part>
		<part id="subbutton" class="button" ></part>
		<part id="Passajaxcomp" class="ajaxcomponent"></part>
	</structure>

	<layout id="ChangeProfileLay">
		
		<part id="mainpage" height="100%" width="100%" left="0px" top="0px" position="absolute" ></part>
		<part id="ProfileMainDiv" height="430px" width="88%" left="58px" top="22px" position="absolute" parent_id="mainpage"></part>
		
		<part id="UserId" height="20px" left="10px" top="5px" position="absolute" parent_id="ProfileMainDiv"></part>
		<part id="UserIddata" height="20px" left="250px" top="5px" position="absolute" parent_id="ProfileMainDiv"></part>
		
		<part id="FName" height="20px" width="150px" left="10px" top="30px" position="absolute" parent_id="ProfileMainDiv"></part>
		<part id="FNamedata" height="20px" left="250px" top="30px" position="absolute" parent_id="ProfileMainDiv"></part>
		
		<part id="MName" height="20px" left="10px" top="55px" position="absolute" parent_id="ProfileMainDiv"></part>
		<part id="MNamedata" height="20px" left="250px" top="55px" position="absolute" parent_id="ProfileMainDiv"></part>
		
		<part id="LName" height="20px" left="10px" top="80px" position="absolute" parent_id="ProfileMainDiv"></part>
		<part id="LNamedata" height="20px" left="250px" top="80px" position="absolute" parent_id="ProfileMainDiv"></part>
		
		<part id="Age" height="20px" left="10px" top="105px" position="absolute" parent_id="ProfileMainDiv"></part>
		<part id="Agedata" height="20px" left="250px" top="105px" position="absolute" parent_id="ProfileMainDiv"></part>
		
		<part id="Experience" height="20px" left="10px" top="130px" position="absolute" parent_id="ProfileMainDiv"></part>
		<part id="Experiencedata" height="20px" left="250px" top="130px" position="absolute" parent_id="ProfileMainDiv"></part>
		
		<part id="EduQuili" height="20px" left="10px" top="210px" position="absolute" parent_id="ProfileMainDiv"></part>
		<part id="EduQuilidata" height="20px" left="250px" top="210px" position="absolute" parent_id="ProfileMainDiv"></part>
		
		<part id="Gender" height="20px" left="10px" top="235px" position="absolute" parent_id="ProfileMainDiv"></part>
		<part id="Genderdate" height="20px" left="250px" top="235px" position="absolute" parent_id="ProfileMainDiv"></part>
		
		
		<part id="Email" height="20px" left="10px" top="260px" position="absolute" parent_id="ProfileMainDiv"></part>
		<part id="Emaildata" height="20px" left="250px" top="260px" position="absolute" parent_id="ProfileMainDiv"></part>
		
		<part id="AccountStatus" height="20px" left="10px" top="285px" position="absolute" parent_id="ProfileMainDiv"></part>
		<part id="AccountStatusdata" height="20px" left="250px" top="285px" position="absolute" parent_id="ProfileMainDiv"></part>
		
		<part id="PermitSelfRegistration" height="20px" left="10px" top="310px" position="absolute" parent_id="ProfileMainDiv"></part>
		<part id="PermitSelfRegistrationdata" height="20px" left="250px" top="310px" position="absolute" parent_id="ProfileMainDiv"></part>
		
		<part id="userimagelabel" height="100px" width="100px" left="500px" top="5px" position="absolute" parent_id="ProfileMainDiv"></part>	
		<part id="userimageselectlabel" height="40px" width="150px" left="10px" top="378px" position="absolute" parent_id="ProfileMainDiv"></part>	
		<part id="userimage" height="23px" width="250px" left="249px" top="378px" position="absolute" parent_id="ProfileMainDiv"></part>	
		<part id="ImageUploadButton" height="40px" width="40px" left="550px" top="378px" position="absolute" parent_id="ProfileMainDiv"></part>	
	
		<part id="subbutton" height="20px" width="40px" left="350px" top="435px" position="absolute" parent_id="mainpage"></part>
		
		<part id="Passajaxcomp" parent_id="mainpage"></part>
	
	</layout>

	<content id="ChangeProfileCont">
		<part id="UserId" value="User Id" valuetype="inline"></part>
		<part id="FName" value="First Name" valuetype="inline"></part>
		<part id="MName" value="Middle Name" valuetype="inline"></part>
		<part id="LName" value="Last Name" valuetype="inline"></part>
		<part id="Age" value="Age" valuetype="inline"></part>
		<part id="Experience" value="Experience" valuetype="inline"></part>
		<part id="EduQuili" value="Educational Qualification" valuetype="inline"></part>
		<part id="Gender" value="Gender" valuetype="inline"></part>
		<part id="Genderdate" value="dummy" valuetype="fixed" >
			<combooption name="M" value="Male"></combooption>
			<combooption name="F" value="Female"></combooption>
		</part>
		
		
		<part id="Email" value="Email" valuetype="inline"></part>
		<part id="AccountStatus" value="Account Status" valuetype="inline"></part>
		<part id="AccountStatusdata" value="dummy" valuetype="fixed" >
			<combooption name="Active" value="Active"></combooption>
			<combooption name="Inactive" value="Inactive"></combooption>
		</part>
		
		<part id="PermitSelfRegistration" value="Permit Self Registration" valuetype="inline"></part>
		<part id="PermitSelfRegistrationdata" value="dummy" valuetype="fixed" >
			<combooption name="F" value="False"></combooption>
			<combooption name="T" value="True"></combooption>
			
		</part>
    
        <part id="userimageselectlabel" valuetype="inline" value="Change Photo :"></part>
		    
        <part id="ImageUploadButton" valuetype="inline" value="Change"></part>  
		    
	    <part id="subbutton" value="SAVE" valuetype="inline"></part>
	    </content>
	    
	    <style id="ChangeProfilestyle">
		    <part id="mainpage" value="[CDATA[background-color: #F0FDA6;]]" valuetype="inline"></part>
		    <part id="ProfileMainDiv" value="[CDATA[background-color: #ffffff;border:4px ridge white;color:#000000;]]" valuetype="inline"></part>
		    
		    <part id="UserId" value="[CDATA[font-family:Verdan;cellpadding=2;font-size:16px;font-weight:bold]]" valuetype="inline"></part>
		    <part id="FName" value="[CDATA[font-family:Verdan;cellpadding=2;font-size:16px;font-weight:bold]]" valuetype="inline"></part>
		    <part id="MName" value="[CDATA[font-family:Verdan;cellpadding=2;font-size:16px;font-weight:bold]]" valuetype="inline"></part>
		    <part id="LName" value="[CDATA[font-family:Verdan;cellpadding=2;font-size:16px;font-weight:bold]]" valuetype="inline"></part>
		    
		    <part id="Age" value="[CDATA[font-family:Verdan;cellpadding=2;font-size:16px;font-weight:bold]]" valuetype="inline"></part>
		    <part id="Experience" value="[CDATA[font-family:Verdan;cellpadding=2;font-size:16px;font-weight:bold]]" valuetype="inline"></part>
		    <part id="EduQuili" value="[CDATA[font-family:Verdan;cellpadding=2;font-size:16px;font-weight:bold]]" valuetype="inline"></part>
		    
		    <part id="Gender" value="[CDATA[font-family:Verdan;cellpadding=2;font-size:16px;font-weight:bold]]" valuetype="inline"></part>
		    <part id="QuestionPreferred" value="[CDATA[font-family:Verdan;cellpadding=2;font-size:16px;font-weight:bold]]" valuetype="inline"></part>
		    <part id="MediaPreferred" value="[CDATA[font-family:Verdan;cellpadding=2;font-size:16px;font-weight:bold]]" valuetype="inline"></part>
		    
		    <part id="AccountStatus" value="[CDATA[font-family:Verdan;cellpadding=2;font-size:16px;font-weight:bold]]" valuetype="inline"></part>
		    <part id="PermitSelfRegistration" value="[CDATA[font-family:Verdan;cellpadding=2;font-size:16px;font-weight:bold]]" valuetype="inline"></part>
		    <part id="Email" value="[CDATA[font-family:Verdan;cellpadding=2;font-size:16px;font-weight:bold]]" valuetype="inline"></part>
		    
		    <part id="userimageselectlabel" value="[CDATA[font-family:Verdan;cellpadding=2;font-size:16px;font-weight:bold]]" valuetype="inline"></part>
		    <part id="userimagelabel" value="[CDATA[border:2px solid white;]]" valuetype="inline"></part>
		    		    
	    </style>
	    
	    
	    <behaviour id="ChangeProfileBeha">
		    <part id="root">
			    <event name="onload" type="simple" function="onload_click" valuetype="jsevent" resourceid="ChangeProfilejs"></event>
		    </part>
		    <part id="ImageUploadButton">
			    <event name="onclick" type="simple" function="imageupload_onclick" valuetype="jsevent" resourceid="ChangeProfilejs"></event>
		    </part>
		    
		    <part id="Passajaxcomp">
			    <event name="ajax" type="simple" function="dummy" javaclass="ladminTree"></event>
		    </part>
		    
		    <part id="subbutton">
			    <event name="onclick" type="simple" function="Update_user" valuetype="jsevent" resourceid="ChangeProfilejs"></event>
		    </part>
		    
		    
	    </behaviour>

	    <resource>	    

			<resourceitem id="ChangeProfilejs" href="ChangeProfile.js" valuetype="js"></resourceitem>
		    
	    </resource>
    </interface>
