<interface  xmlns:xsi="http://www.w3.org/2001/XMLSchema-instance"
	xmlns="http://learnityframework.org/"
	xsi:schemaLocation="http://learnityframework.org/ http://localhost:8080/learnitymsme/xsd/Interface.xsd"
	id="unitImportExport" title="LMS Unit Import Export" type="Interface">
	
<structure>
	<part id="unitImportExportMain" class="label"/>
	<part id="unitSelectLabel" class="label"/>
	<part id="unitSelect" class="combo"/>
	<part id="unitChooseLabel" class="label"/>
	<part id="unitChoose" class="inputfile"/>
	<part id="unitErrStatus" class="label"/>
	<part id="unitFileUpload" class="button"/>
	<part id="unitFileDownload" class="button"/>
	<part id="unitPreview" class="button"/>
	<part id="createIndex" class="button"/>
	<part id="unitImportExportAjax" class="ajaxcomponent"/>
</structure>

<layout id="unitImportExportPrime">
	<part id="unitImportExportMain" height="100%" width="100%" left="0px" top="0px" position="absolute" />
	<part id="unitSelectLabel" left="10px" top="40px" position="absolute" parent_id="unitImportExportMain"/>
	<part id="unitSelect" left="90px" top="40px" position="absolute" parent_id="unitImportExportMain"/>
	<part id="unitChooseLabel" left="10px" top="130px" position="absolute" parent_id="unitImportExportMain"/>
	<part id="unitChoose" left="10px" top="170px" position="absolute" parent_id="unitImportExportMain"/>
	<part id="unitErrStatus" height="30px" width="300px" left="10px" top="270px" position="absolute" parent_id="unitImportExportMain"/>
	<part id="unitFileUpload" left="10px" top="230px" position="absolute" parent_id="unitImportExportMain"/>
	<part id="unitFileDownload" left="100px" top="230px" position="absolute" parent_id="unitImportExportMain"/>
	<part id="unitPreview" left="190px" top="230px" position="absolute" parent_id="unitImportExportMain"/>
	<part id="createIndex" left="280px" top="230px" position="absolute" parent_id="unitImportExportMain"/>
	<part id="unitImportExportAjax" parent_id="unitImportExportMain"/>
</layout>

<content id="unitImportExportPrimeContent">
	<part id="unitSelect" valuetype="query" 
	      value="select unit_id,unit_name from unit_details"/>
	<part id="unitSelectLabel" value="Select Unit" valuetype="inline"/>
	<part id="unitChooseLabel" value="Enter the name of the Zip file containing your Unit content that you wish to import or Export" valuetype="inline"/> 
	<part id="unitFileUpload" valuetype="inline" value="Import"/>
	<part id="unitFileDownload" valuetype="inline" value="Export"/>
	<part id="unitPreview" valuetype="inline" value="Preview"/>
	<part id="createIndex" valuetype="inline" value="Create Index"/>
</content>

<style id="unitImportExportPrimeStyle">
	<part id="unitImportExportMain" value="[CDATA[font:12px Arial; font-weight: bold]]" valuetype="inline"/>
</style>

<behaviour id="unitImportExportPrimeBehaviour">
	<part id="unitFileUpload">
		<event name="onclick" type="simple" function="unit_upload_onclick" valuetype="inline" resourceid="unitexpimgjs" />
	</part>
	<part id="unitFileDownload">
		<event name="onclick" type="simple" function="unit_download_onclick" valuetype="inline" resourceid="unitexpimgjs" />
	</part>
	<part id="unitPreview">
		<event name="onclick" type="simple" function="show_preview_onclick" valuetype="inline" resourceid="unitexpimgjs" />
	</part>
	<part id="createIndex">
		<event name="onclick" type="simple" function="createIndex_onclick" valuetype="inline" resourceid="unitexpimgjs" />
	</part>
	<part id="unitImportExportAjax">
		<event name="ajax" function="dummy" javaclass="launchcourse" />
	</part>	
</behaviour>

<resource>
	<resourceitem id="unitexpimgjs" href="unitupload.js" valuetype="js"></resourceitem>
</resource>
</interface>