<interface  xmlns:xsi="http://www.w3.org/2001/XMLSchema-instance"
	xmlns="http://learnityframework.org/"
	xsi:schemaLocation="http://learnityframework.org/ http://localhost:8080/learnitymsme/xsd/Interface.xsd"
	id="ForumReply" title="LMS Forum Reply" type="Interface">

	<structure>
		<part id="replymain" class="label"></part>
		<part id="replytop" class="label"></part>
		<part id="replysubject" class="inputtext" maxlength="30" size="30"></part>
		<part id="replybuttonbar" class="label"></part>
		<part id="replybold" class="button"></part>
		<part id="italicsbutton" class="button"></part>
		<part id="underlinebutton" class="button"></part>
		<part id="quotebutton" class="button"></part>
		<part id="codebutton" class="button"></part>
		<part id="listbutton" class="button"></part>
		<part id="imagebutton" class="button"></part>
		<part id="urlbutton" class="button"></part>
		<part id="textcolor" class="label"></part>
		<part id="textcolordropdown" class="combo"></part>
		<part id="font" class="label"></part>
		<part id="fontdropdown" class="combo"></part>
		<part id="bodytextarea" class="textarea" rows="13" cols="70"></part>
		<part id="smilybox" class="label"></part>
		<part id="smily1" class="image"></part>
		<part id="smily2" class="image"></part>
		<part id="smily3" class="image"></part>
		<part id="smily4" class="image"></part>
		<part id="smily5" class="image"></part>
		<part id="smily6" class="image"></part>
		<part id="smily7" class="image"></part>
		<part id="smily8" class="image"></part>
		<part id="smily9" class="image"></part>
		<part id="smily10" class="image"></part>
		<part id="smily11" class="image"></part>
		<part id="smily12" class="image"></part>
		<part id="smily13" class="image"></part>
		<part id="smily14" class="image"></part>
		<part id="smily15" class="image"></part>
		<part id="smily16" class="image"></part>
		<part id="smily17" class="image"></part>
		<part id="smily18" class="image"></part>
		<part id="smily19" class="image"></part>
		<part id="smily20" class="image"></part>
		<part id="attachfile" class="label"></part>
		<part id="attachment" class="label"></part>
		<part id="options" class="label"></part>
		<part id="checkbox1" class="checkbox"></part>
		<part id="checkbox1label" class="label"></part> 
		<part id="checkbox2" class="checkbox"></part>  
		<part id="checkbox2label" class="label"></part>
		<part id="submitbutton" class="button"></part>
		<part id="cancelbutton" class="button"></part>
		<part id="replyajax" class="ajaxcomponent"></part>
	</structure>

	<layout id="replylt">
		<part id="replymain" height="100%" width="100%" left="0px" top="0px" position="absolute"></part>
		<part id="replytop" height="30px" width="100%" left="0px" top="0px" position="absolute" parent_id="replymain"></part>
		<part id="replysubject" height="30px" width="500px" left="245px" top="50px" position="absolute" parent_id="replymain"></part>
		<part id="replybuttonbar" height="20px" width="582px" left="205px" top="90px" position="absolute" parent_id="replymain"></part>
		<part id="replybold"  width="70px" left="0px" top="0px" position="absolute" parent_id="replybuttonbar"></part>
		<part id="italicsbutton" width="70px" left="73px" top="0px" position="absolute" parent_id="replybuttonbar"></part>
		<part id="underlinebutton" width="70px" left="146px" top="0px" position="absolute" parent_id="replybuttonbar"></part>
		<part id="quotebutton" width="70px" left="219px" top="0px" position="absolute" parent_id="replybuttonbar"></part>
		<part id="codebutton" width="70px" left="292px" top="0px" position="absolute" parent_id="replybuttonbar"></part>
		<part id="listbutton" width="70px" left="365px" top="0px" position="absolute" parent_id="replybuttonbar"></part>
		<part id="imagebutton" width="70px" left="438px" top="0px" position="absolute" parent_id="replybuttonbar"></part>
		<part id="urlbutton" width="70px" left="511px" top="0px" position="absolute" parent_id="replybuttonbar"></part>
		<part id="textcolor" left="268px" top="120px" position="absolute" parent_id="replymain"></part>
		<part id="textcolordropdown" left="352px" top="115px" position="absolute" parent_id="replymain"></part>
		<part id="font" left="473px" top="120px" position="absolute" parent_id="replymain"></part>
		<part id="fontdropdown" left="514px" top="115px" position="absolute" parent_id="replymain"></part>
		<part id="bodytextarea" left="200px" top="160px" position="absolute" parent_id="replymain"></part>
		<part id="smilybox" height="120px" width="99px" left="67px" top="160px" position="absolute" parent_id="replymain"></part>
		<part id="smily1" height="16px" width="16px" left="3px" top="3px" position="absolute" parent_id="smilybox"></part>
		<part id="smily2" height="16px" width="16px" left="27px" top="3px" position="absolute" parent_id="smilybox"></part>
		<part id="smily3" height="16px" width="16px" left="51px" top="3px" position="absolute" parent_id="smilybox"></part>
		<part id="smily4" height="16px" width="16px" left="75px" top="3px" position="absolute" parent_id="smilybox"></part>
		<part id="smily5" height="16px" width="16px" left="3px" top="28px" position="absolute" parent_id="smilybox"></part>
		<part id="smily6" height="16px" width="16px" left="27px" top="28px" position="absolute" parent_id="smilybox"></part>
		<part id="smily7" height="16px" width="16px" left="51px" top="28px" position="absolute" parent_id="smilybox"></part>
		<part id="smily8" height="16px" width="16px" left="75px" top="28px" position="absolute" parent_id="smilybox"></part>
		<part id="smily9" height="16px" width="16px" left="3px" top="51px" position="absolute" parent_id="smilybox"></part>
		<part id="smily10" height="16px" width="16px" left="27px" top="51px" position="absolute" parent_id="smilybox"></part>
		<part id="smily11" height="16px" width="16px" left="51px" top="51px" position="absolute" parent_id="smilybox"></part>
		<part id="smily12" height="16px" width="16px" left="75px" top="51px" position="absolute" parent_id="smilybox"></part>
		<part id="smily13" height="16px" width="16px" left="3px" top="74px" position="absolute" parent_id="smilybox"></part>
		<part id="smily14" height="16px" width="16px" left="27px" top="76px" position="absolute" parent_id="smilybox"></part>
		<part id="smily15" height="16px" width="16px" left="51px" top="76px" position="absolute" parent_id="smilybox"></part>
		<part id="smily16" height="16px" width="16px" left="75px" top="76px" position="absolute" parent_id="smilybox"></part>
		<part id="smily17" height="16px" width="16px" left="3px" top="97px" position="absolute" parent_id="smilybox"></part>
		<part id="smily18" height="16px" width="16px" left="27px" top="97px" position="absolute" parent_id="smilybox"></part>
		<part id="smily19" height="16px" width="16px" left="51px" top="97px" position="absolute" parent_id="smilybox"></part>
		<part id="smily20" height="16px" width="16px" left="75px" top="97px" position="absolute" parent_id="smilybox"></part>
		<part id="attachfile" height="50px" width="250px" left="355px" top="400px" position="absolute" parent_id="replymain"></part>
		<part id="attachment" position="relative" parent_id="attachfile"></part>
		<part id="options" height="80px" width="360px" left="355px" top="460px" position="absolute" parent_id="replymain"></part>
		<part id="checkbox1" left="45px" top="30px" position="absolute" parent_id="options"></part>
		<part id="checkbox1label" left="65px" top="26px" position="absolute" parent_id="options"></part>
		<part id="checkbox2" left="45px" top="50px" position="absolute" parent_id="options"></part>
		<part id="checkbox2label" left="65px" top="46px" position="absolute" parent_id="options"></part>
		<part id="submitbutton" width="70px" left="355px" top="580px" position="absolute" parent_id="replymain"></part>
		<part id="cancelbutton" width="70px" left="491px" top="580px" position="absolute" parent_id="replymain"></part>
		<part id="replyajax" parent_id="replymain"></part>
			
	</layout>

	<content id="replycontent">
		<part id="replytop" value="POST NEW THREAD" valuetype="inline"></part>
		<part id="replybold" value="  B  " valuetype="inline"></part>
		<part id="italicsbutton" value="   I   " valuetype="inline"></part>
		<part id="underlinebutton" value="  U  " valuetype="inline"></part>
		<part id="quotebutton" value="  Quote  " valuetype="inline"></part>
		<part id="codebutton" value="   Code   " valuetype="inline"></part>
		<part id="listbutton" value="    List    " valuetype="inline"></part>
		<part id="imagebutton" value="    Img    " valuetype="inline"></part>
		<part id="urlbutton" value="     Url     " valuetype="inline"></part>
		<part id="textcolor" value="Text Color" valuetype="inline"></part>
		<part id="textcolordropdown" value="dummy" valuetype="fixed">
			<combooption name="Black" value="Black"></combooption>
			<combooption name="Dark Red" value="Dark Red"></combooption>
			<combooption name="Red" value="Red"></combooption>
			<combooption name="Orange" value="Orange"></combooption>
			<combooption name="Brown" value="Brown"></combooption>
			<combooption name="Yellow" value="Yellow"></combooption>
			<combooption name="Green" value="Green"></combooption>
			<combooption name="Olive" value="Olive"></combooption>
			<combooption name="Cyan" value="Cyan"></combooption>
			<combooption name="Blue" value="Blue"></combooption>
			<combooption name="Dark Blue" value="Dark Blue"></combooption>
			<combooption name="Violet" value="Violet"></combooption>
			<combooption name="White" value="White"></combooption>
		</part>
		<part id="font" value="Font" valuetype="inline"></part>
		<part id="fontdropdown" value="dummy" valuetype="fixed">
			<combooption name="3" value="Medium"></combooption>
			<combooption name="1" value="Very Small"></combooption>
			<combooption name="2" value="Small"></combooption>
			<combooption name="4" value="Large"></combooption>
			<combooption name="5" value="Very Large"></combooption>
		</part>
		<part id="smily1" value="smily1" valuetype="reference"></part>
		<part id="smily2" value="smily2" valuetype="reference"></part>
		<part id="smily3" value="smily3" valuetype="reference"></part>
		<part id="smily4" value="smily4" valuetype="reference"></part>
		<part id="smily5" value="smily5" valuetype="reference"></part>
		<part id="smily6" value="smily6" valuetype="reference"></part>
		<part id="smily7" value="smily7" valuetype="reference"></part>
		<part id="smily8" value="smily8" valuetype="reference"></part>
		<part id="smily9" value="smily9" valuetype="reference"></part>
		<part id="smily10" value="smily10" valuetype="reference"></part>
		<part id="smily11" value="smily11" valuetype="reference"></part>
		<part id="smily12" value="smily12" valuetype="reference"></part>
		<part id="smily13" value="smily13" valuetype="reference"></part>
		<part id="smily14" value="smily14" valuetype="reference"></part>
		<part id="smily15" value="smily15" valuetype="reference"></part>
		<part id="smily16" value="smily16" valuetype="reference"></part>
		<part id="smily17" value="smily17" valuetype="reference"></part>
		<part id="smily18" value="smily18" valuetype="reference"></part>
		<part id="smily19" value="smily19" valuetype="reference"></part>
		<part id="smily20" value="smily20" valuetype="reference"></part>
		<part id="attachfile" value="[Attach File]" valuetype="inline"></part>
		<part id="submitbutton" value="   Submit   " valuetype="inline"></part>
		<part id="cancelbutton" value="   Cancel   " valuetype="inline"></part>
		<part id="options" value="Options:" valuetype="inline"></part>
		<part id="checkbox1label" value="Disable HTML in this message" valuetype="inline"></part>
		<part id="checkbox2label" value="Disable Smily in this message" valuetype="inline"></part>
	</content>

	<style id="replystyle">
		<part id="replymain" value="[CDATA[background-color: #FFF0D9]]" valuetype="inline"></part>
		<part id="root" value="[CDATA[background-color: #FFF0D9]]" valuetype="inline"></part>
		<part id="replytop" value="[CDATA[background-color: #FAD395;text-align:center;font-weight:bold]]" valuetype="inline"></part>
		<part id="replybold" value="[CDATA[background-color:#FF0000;font-family:tahoma,sans-serif;font-size:12px;font-weight:bold;color:#FFFFFF;-MOZ-BORDER-RADIUS: 10px; border-width:1px; border-style:solid; border-color:black; cursor:pointer;font-style:italic;]]" valuetype="inline"></part>
		<part id="italicsbutton"   value="[CDATA[background-color:#FF0000;font-family:tahoma,sans-serif;font-size:12px;font-weight:bold;color:#FFFFFF;-MOZ-BORDER-RADIUS: 10px; border-width:1px; border-style:solid; border-color:black; cursor:pointer;font-style:italic;]]" valuetype="inline"></part>
		<part id="underlinebutton" value="[CDATA[background-color:#FF0000;font-family:tahoma,sans-serif;font-size:12px;font-weight:bold;color:#FFFFFF;-MOZ-BORDER-RADIUS: 10px; border-width:1px; border-style:solid; border-color:black; cursor:pointer;text-decoration:underline;]]" valuetype="inline"></part>
		<part id="quotebutton"     value="[CDATA[background-color:#FF0000;font-family:tahoma,sans-serif;font-size:12px;font-weight:bold;color:#FFFFFF;-MOZ-BORDER-RADIUS: 10px; border-width:1px; border-style:solid; border-color:black; cursor:pointer;]]" valuetype="inline"></part>
		<part id="codebutton"      value="[CDATA[background-color:#FF0000;font-family:tahoma,sans-serif;font-size:12px;font-weight:bold;color:#FFFFFF;-MOZ-BORDER-RADIUS: 10px; border-width:1px; border-style:solid; border-color:black; cursor:pointer;]]" valuetype="inline"></part>
		<part id="listbutton"      value="[CDATA[background-color:#FF0000;font-family:tahoma,sans-serif;font-size:12px;font-weight:bold;color:#FFFFFF;-MOZ-BORDER-RADIUS: 10px; border-width:1px; border-style:solid; border-color:black; cursor:pointer;]]" valuetype="inline"></part>
		<part id="imagebutton"     value="[CDATA[background-color:#FF0000;font-family:tahoma,sans-serif;font-size:12px;font-weight:bold;color:#FFFFFF;-MOZ-BORDER-RADIUS: 10px; border-width:1px; border-style:solid; border-color:black; cursor:pointer;]]" valuetype="inline"></part>
		<part id="urlbutton"       value="[CDATA[background-color:#FF0000;font-family:tahoma,sans-serif;font-size:12px;font-weight:bold;color:#FFFFFF;-MOZ-BORDER-RADIUS: 10px; border-width:1px; border-style:solid; border-color:black; cursor:pointer;]]" valuetype="inline"></part>
		<part id="textcolor" value="[CDATA[font-family:tahoma,sans-serif;font-size:15px;color:#000000;font-weight:normal;]]" valuetype="inline"></part>
		<part id="font" value="[CDATA[font-family:tahoma,sans-serif;font-size:15px;color:#000000;font-weight:normal;]]" valuetype="inline"></part>
		<part id="smilybox" value="[CDATA[background-color: #FFFFFF;-MOZ-BORDER-RADIUS: 7px; border-width:1px; border-style:solid; border-color:black;]]" valuetype="inline"></part>
		<part id="smily1" value="[CDATA[border-width:2px; border-style:solid; border-color:#0000EE;cursor:pointer;]]" valuetype="inline"></part>
		<part id="smily2" value="[CDATA[border-width:2px; border-style:solid; border-color:#0000EE;cursor:pointer;]]" valuetype="inline"></part>
		<part id="smily3" value="[CDATA[border-width:2px; border-style:solid; border-color:#0000EE;cursor:pointer;]]" valuetype="inline"></part>
		<part id="smily4" value="[CDATA[border-width:2px; border-style:solid; border-color:#0000EE;cursor:pointer;]]" valuetype="inline"></part>
		<part id="smily5" value="[CDATA[border-width:2px; border-style:solid; border-color:#0000EE;cursor:pointer;]]" valuetype="inline"></part>
		<part id="smily6" value="[CDATA[border-width:2px; border-style:solid; border-color:#0000EE;cursor:pointer;]]" valuetype="inline"></part>
		<part id="smily7" value="[CDATA[border-width:2px; border-style:solid; border-color:#0000EE;cursor:pointer;]]" valuetype="inline"></part>
		<part id="smily8" value="[CDATA[border-width:2px; border-style:solid; border-color:#0000EE;cursor:pointer;]]" valuetype="inline"></part>
		<part id="smily9" value="[CDATA[border-width:2px; border-style:solid; border-color:#0000EE;cursor:pointer;]]" valuetype="inline"></part>
		<part id="smily10" value="[CDATA[border-width:2px; border-style:solid; border-color:#0000EE;cursor:pointer;]]" valuetype="inline"></part>
		<part id="smily11" value="[CDATA[border-width:2px; border-style:solid; border-color:#0000EE;cursor:pointer;]]" valuetype="inline"></part>
		<part id="smily12" value="[CDATA[border-width:2px; border-style:solid; border-color:#0000EE;cursor:pointer;]]" valuetype="inline"></part>
		<part id="smily13" value="[CDATA[border-width:2px; border-style:solid; border-color:#0000EE;cursor:pointer;]]" valuetype="inline"></part>
		<part id="smily14" value="[CDATA[border-width:2px; border-style:solid; border-color:#0000EE;cursor:pointer;]]" valuetype="inline"></part>
		<part id="smily15" value="[CDATA[border-width:2px; border-style:solid; border-color:#0000EE;cursor:pointer;]]" valuetype="inline"></part>
		<part id="smily16" value="[CDATA[border-width:2px; border-style:solid; border-color:#0000EE;cursor:pointer;]]" valuetype="inline"></part>
		<part id="smily17" value="[CDATA[border-width:2px; border-style:solid; border-color:#0000EE;cursor:pointer;]]" valuetype="inline"></part>
		<part id="smily18" value="[CDATA[border-width:2px; border-style:solid; border-color:#0000EE;cursor:pointer;]]" valuetype="inline"></part>
		<part id="smily19" value="[CDATA[border-width:2px; border-style:solid; border-color:#0000EE;cursor:pointer;]]" valuetype="inline"></part>
		<part id="smily20" value="[CDATA[border-width:2px; border-style:solid; border-color:#0000EE;cursor:pointer;]]" valuetype="inline"></part>
		<part id="attachfile" value="[CDATA[text-align:center;border-width:1px;border-style:solid;border-color:#000000;background-color:#FFFFFF;text-decoration:underline;cursor:pointer;font-weight:normal;font-size:15px;color:#0000EE;]]" valuetype="inline"></part>
		<part id="options" value="[CDATA[border-width:1px;border-style:solid;border-color:#000000;background-color:#FFFFFF;font-weight:bold;font-size:16px;text-align:left;]]" valuetype="inline"></part>
		<part id="submitbutton" value="[CDATA[background-color:#FF0000;font-family:tahoma,sans-serif;font-size:12px;font-weight:bold;color:#FFFFFF;-MOZ-BORDER-RADIUS: 10px; border-width:1px; border-style:solid; border-color:black; cursor:pointer;]]" valuetype="inline"></part>
		<part id="cancelbutton" value="[CDATA[background-color:#FF0000;font-family:tahoma,sans-serif;font-size:12px;font-weight:bold;color:#FFFFFF;-MOZ-BORDER-RADIUS: 10px; border-width:1px; border-style:solid; border-color:black; cursor:pointer;]]" valuetype="inline"></part>
		
	</style>

	<behaviour id="replyevent">
		<part id="smily1">
			<event name="onclick" type="simple" function="emoticon('1')" valuetype="jsevent" resourceid="replyjs"></event>
		</part>
		<part id="attachfile">
			<event name="onclick" type="simple" function="AttachFiles" valuetype="jsevent" resourceid="replyjs"></event>
		</part>
		<part id="submitbutton">
			<event name="onclick" type="simple" function="click_submit" valuetype="jsevent" resourceid="replyjs"></event>
		</part>
		<part id="cancelbutton">
			<event name="onclick" type="simple" function="click_cancel" valuetype="jsevent" resourceid="replyjs"></event>
		</part>
		<part id="checkbox1">
			<event name="onclick" type="simple" function="disablehtml_onclick" valuetype="jsevent" resourceid="replyjs"></event>
		</part>
		<part id="checkbox2">
			<event name="onclick" type="simple" function="disablesmily_onclick" valuetype="jsevent" resourceid="replyjs"></event>
		</part>
		<part id="textcolordropdown">
			<event name="onchange" type="simple" function="color_onchange" valuetype="inline" resourceid="replyjs"></event>
		</part>
		<part id="fontdropdown">
			<event name="onchange" type="simple" function="font_onchange" valuetype="inline" resourceid="replyjs"></event>
		</part>
		<part id="replyajax">
			<event name="ajax" javaclass="ForumUtil"></event>
		</part>
	</behaviour>

	<resource>
		<resourceitem id="replyjs" href="reply.js" valuetype="js"></resourceitem>
		<resourceitem id="smily1" href="smily1.gif" valuetype="image"></resourceitem>
		<resourceitem id="smily2" href="smily2.gif" valuetype="image"></resourceitem>
		<resourceitem id="smily3" href="smily3.gif" valuetype="image"></resourceitem>
		<resourceitem id="smily4" href="smily4.gif" valuetype="image"></resourceitem>
		<resourceitem id="smily5" href="smily5.gif" valuetype="image"></resourceitem>
		<resourceitem id="smily6" href="smily6.gif" valuetype="image"></resourceitem>
		<resourceitem id="smily7" href="smily7.gif" valuetype="image"></resourceitem>
		<resourceitem id="smily8" href="smily8.gif" valuetype="image"></resourceitem>
		<resourceitem id="smily9" href="smily9.gif" valuetype="image"></resourceitem>
		<resourceitem id="smily10" href="smily10.gif" valuetype="image"></resourceitem>
		<resourceitem id="smily11" href="smily11.gif" valuetype="image"></resourceitem>
		<resourceitem id="smily12" href="smily12.gif" valuetype="image"></resourceitem>
		<resourceitem id="smily13" href="smily13.gif" valuetype="image"></resourceitem>
		<resourceitem id="smily14" href="smily14.gif" valuetype="image"></resourceitem>
		<resourceitem id="smily15" href="smily15.gif" valuetype="image"></resourceitem>
		<resourceitem id="smily16" href="smily16.gif" valuetype="image"></resourceitem>
		<resourceitem id="smily17" href="smily17.gif" valuetype="image"></resourceitem>
		<resourceitem id="smily18" href="smily18.gif" valuetype="image"></resourceitem>
		<resourceitem id="smily19" href="smily19.gif" valuetype="image"></resourceitem>
		<resourceitem id="smily20" href="smily20.gif" valuetype="image"></resourceitem>
	</resource>

</interface>