<interface xmlns:xsi="http://www.w3.org/2001/XMLSchema-instance"
	xmlns="http://learnityframework.org/"
	xsi:schemaLocation="http://learnityframework.org/ http://localhost:8080/learnitymsme/xsd/Interface.xsd"
	id="PortalForum" title="Forum Grid on LMS Portal" type="InterfaceFragment">

<structure>
	<part id="main" class="label" ></part>
	<part id="ForumGrid" class="DBgrid" caption="My Forums" datatype="local">
		<column head="Forum Id"  name="forum_id"  index="1"  width="90" editable="true" hidden="true" key="true">
			<edit type="text" size="30"></edit>
		</column>
		<column head="Forum Name"  name="forum_name"  index="2"  width="130" editable="true" hidden="false" key="false">
			<edit type="text" size="30"></edit>
		</column>
		<column head="Start Date"  name="sdate"  index="3"  width="65" editable="true" hidden="false" key="false">
			<edit type="text" size="30"></edit>
		</column>
		<column head="Last Post"  name="last_post"  index="4"  width="90" editable="false" hidden="false" key="false" required="false">
			<edit type="text" size="3"></edit>
		</column>
		<column head="No. of Messages"  name="no_of_messages"  index="5"  width="80" editable="false" hidden="false" key="false" required="false">
			<edit type="text" size="3"></edit>
		</column>
		<column head="No. of Views"  name="no_of_views"  index="6"  width="75" editable="false" hidden="false" key="false" required="false">
			<edit type="text" size="3"></edit>
		</column>
		<column head="No. of Threads Created"  name="no_of_threads"  index="7"  width="125" editable="false" hidden="false" key="false" required="false">
			<edit type="text" size="3"></edit>
		</column>
		<column head="No. of Posts Made"  name="no_of_post"  index="8"  width="100" editable="false" hidden="false" key="false" required="false">
			<edit type="text" size="3"></edit>
		</column>
	</part>
</structure>

<layout id="portalforumgridlayout">
	<part id="main"></part>
	<part id="ForumGrid" parent_id="main"></part>
</layout>


</interface>