<interface xmlns:xsi="http://www.w3.org/2001/XMLSchema-instance"
	xmlns="http://learnityframework.org/"
	xsi:schemaLocation="http://learnityframework.org/ http://localhost:8080/learnitymsme/xsd/Interface.xsd"
	id="ChangePassword" title="Change LMS Admin Password" type="Interface">

	<configuration TemplateID="GridTreeNew"></configuration>

	<structure>
		<part id="mainpage" class="label"></part>
		<part id="mainDiv" class="label"></part>
		<part id="mess" class="label"></part>

		<part id="changePasswordForm" class="DBForm" success_method="submitForm()">
			<element id="changePasswordFieldSet" class="fieldset" />

			<element id="UserId" class="formlabel" for="UserIddata" />
			<element id="UserIddata" class="formtext" size="20" type="auto"
				selectindex="1" />

			<element id="OldPassword" class="formlabel" for="OldPassworddata" />
			<element id="OldPassworddata" class="formtext" size="20"
				tabindex="1" type="entered" selectindex="2" required="true"
				requiredmess="Old Password is required!!" />

			<element id="NewPassword" class="formlabel" for="NewPassworddata" />
			<element id="NewPassworddata" class="formpassword" size="20"
				tabindex="2" type="entered" insertindex="1" required="true"
				minlength="6" requiredmess="New Password is required!!"
				minlengthmess="New Password should be 6 charecter long!!"
				selectindex="4" />

			<element id="RetypePassword" class="formlabel" for="RetypePassworddata" />
			<element id="RetypePassworddata" class="formpassword" size="20"
				tabindex="3" type="entered" required="true" requiredmess="Please retype Password!!"
				equalto="NewPassworddata" equaltomess="Retyped password does not match!!"
				selectindex="5" />

			<element id="emaillabel" class="formlabel" for="emaill"></element>
			<element id="emaill" class="formemail" size="20" tabindex="4"
				type="entered" selectindex="3" required="true" requiredmess="Email is required!!"></element>

			<element id="subbutton" class="submitbutton" size="20"
				tabindex="5" />

			<select>
				<query id="1"
					sql="select sp.student_id,sp.password,sd.email_id,'''','''' from student_password sp,student_details sd where sp.student_id=sd.student_id and sp.student_id=%UserIddata%"
					parameter="UserIddata" />
			</select>
			<modify>
				<query id="1"
					sql="update student_password set password=%NewPassworddata% where student_id=%UserIddata%"
					parameter="NewPassworddata,UserIddata" />
			</modify>

		</part>

		<!-- <part id="UserId" class="label"></part> -->
		<!-- <part id="UserIddata" class="inputtext" size="20"></part> -->

		<!-- <part id="OldPassword" class="label"></part> <part id="OldPassworddata" 
			class="password" tabindex="1" size="20"></part> -->

		<!-- <part id="NewPassword" class="label"></part> <part id="NewPassworddata" 
			class="password" tabindex="2" size="20"></part> -->

		<!-- <part id="RetypePassword" class="label"></part> <part id="RetypePassworddata" 
			class="password" tabindex="3" size="20"></part> -->

		<!-- <part id="subbutton" class="button" ></part> -->

		<part id="Passajaxcomp" class="ajaxcomponent"></part>


	</structure>
	<layout id="ChangePasswordLay">

		<part id="mainpage" height="100%" width="100%" left="0px" top="0px"
			position="absolute"></part>

		<part id="mainDiv" width="395px" left="25%" top="90px" position="absolute"
			parent_id="mainpage"></part>

		<part id="mess" height="50px" width="475px" left="20%" top="1px"
			position="absolute" parent_id="mainpage"></part>

		<part id="changePasswordForm" left="10px" top="22px" position="absolute"
			parent_id="mainDiv"></part>

		<part id="changePasswordFieldSet" parent_id="changePasswordForm"></part>

		<part id="UserId" parent_id="changePasswordFieldSet"></part>
		<part id="UserIddata" parent_id="changePasswordFieldSet"></part>

		<part id="OldPassword" parent_id="changePasswordFieldSet"></part>
		<part id="OldPassworddata" parent_id="changePasswordFieldSet"></part>


		<part id="NewPassword" parent_id="changePasswordFieldSet"></part>
		<part id="NewPassworddata" parent_id="changePasswordFieldSet"></part>

		<part id="RetypePassword" parent_id="changePasswordFieldSet"></part>
		<part id="RetypePassworddata" parent_id="changePasswordFieldSet"></part>

		<part id="emaillabel" parent_id="changePasswordFieldSet"></part>
		<part id="emaill" parent_id="changePasswordFieldSet"></part>

		<part id="subbutton" parent_id="changePasswordFieldSet"></part>

		<part id="Passajaxcomp" parent_id="mainpage"></part>



	</layout>
	<content id="ChangePasswordCont">

		<part id="mess" value="Change Password" valuetype="inline"></part>
		<part id="UserId" value="User Id : " valuetype="inline"></part>
		<part id="OldPassword" value="Old Password : " valuetype="inline"></part>
		<part id="NewPassword" value="New Password : " valuetype="inline"></part>
		<part id="RetypePassword" value="Retype Password : " valuetype="inline"></part>
		<part id="emaillabel" value="Email : " valuetype="inline"></part>
		<part id="subbutton" value="SAVE" valuetype="inline"></part>

	</content>

	<style id="ChangePasswordstyle">
		<part id="mainpage" value="[CDATA[background-color: #E4EBF2;]]"
			valuetype="inline"></part>
		<part id="mainDiv"
			value="[CDATA[background-color: #868890;border:5px ridge white;color:white;]]"
			valuetype="inline"></part>
		<part id="mess"
			value="[CDATA[font-family:Verdan;cellpadding=2;font-size:14px;font-weight:bold;color:gray;font-size:25px;text-align:center;text-decoration:underline;]]"
			valuetype="inline"></part>
		<part id="UserId"
			value="[CDATA[font-family:Verdan;cellpadding=2;font-size:14px;font-weight:bold]]"
			valuetype="inline"></part>
		<part id="OldPassword"
			value="[CDATA[font-family:Verdan;cellpadding=2;font-size:14px;font-weight:bold]]"
			valuetype="inline"></part>
		<part id="NewPassword"
			value="[CDATA[font-family:Verdan;cellpadding=2;font-size:14px;font-weight:bold]]"
			valuetype="inline"></part>
		<part id="RetypePassword"
			value="[CDATA[font-family:Verdan;cellpadding=2;font-size:14px;font-weight:bold]]"
			valuetype="inline"></part>
	</style>

	<behaviour id="ChangePasswordBeha">

		<part id="root">
			<event name="onload" type="simple" function="onload_click"
				valuetype="jsevent" resourceid="ChangePasswordjs"></event>
		</part>

		<!-- <part id="subbutton"> <event name="onclick" type="simple" function="change_password" 
			valuetype="jsevent" resourceid="ChangePasswordjs"></event> </part> <part 
			id="NewPassworddata"> <event name="onblur" type="simple" function="charactercheck" 
			valuetype="inline"></event> </part> -->

		<part id="Passajaxcomp">
			<event name="ajax" type="simple" function="dummy" javaclass="Portal"></event>
		</part>


	</behaviour>

	<resource>

		<resourceitem id="ChangePasswordjs" href="ChangePassword.js"
			valuetype="js"></resourceitem>

	</resource>

</interface>
